{
    "mse_overall": 0.00016508917068535245,
    "mae_overall": 0.00939194630614042,
    "pck_0.02": 0.7020000000000002,
    "pck_0.05": 1.0,
    "pck_0.1": 1.0,
    "avg_distances_per_keypoint": [
        0.003339289216485081,
        0.010793506824754858,
        0.011895563066887868,
        0.007026570620736547,
        0.009676984471908788,
        0.02318293226973189,
        0.012837331289792664,
        0.022050583448786833,
        0.018228111477448093,
        0.036939205618616015
    ],
    "avg_mse_per_keypoint": [
        5.616007876053586e-06,
        5.828013948180556e-05,
        7.081844355377459e-05,
        2.470319262406303e-05,
        4.734053116351326e-05,
        0.00026880501941945877,
        8.294876261324715e-05,
        0.00024333805431136417,
        0.00016667773906525632,
        0.0006823638167449878
    ],
    "avg_pck_per_keypoint": {
        "pck_0.02": [
            1.0,
            1.0,
            1.0,
            1.0,
            1.0,
            0.0,
            1.0,
            0.02,
            1.0,
            0.0
        ],
        "pck_0.05": [
            1.0,
            1.0,
            1.0,
            1.0,
            1.0,
            1.0,
            1.0,
            1.0,
            1.0,
            1.0
        ],
        "pck_0.1": [
            1.0,
            1.0,
            1.0,
            1.0,
            1.0,
            1.0,
            1.0,
            1.0,
            1.0,
            1.0
        ]
    },
    "num_images": 50,
    "num_failed": 0,
    "model_path": ".//best.pt",
    "test_images_dir": "data\\train\\images",
    "test_labels_dir": "data\\train\\labels",
    "timestamp": "2025-11-20T23:36:31.639520"
}